target_period,agriculture_2023_1,agriculture_2023_2,agriculture_2023_3,agriculture_2023_4,agriculture_2023_5,agriculture_2023_6,agriculture_2023_7,agriculture_2023_8,agriculture_2023_9,agriculture_2023_10,agriculture_2023_11,agriculture_2023_12,agriculture_2024_1,agriculture_2024_2,agriculture_2024_3,agriculture_2024_4,agriculture_2024_5,agriculture_2024_6,commerce_2023_1,commerce_2023_2,commerce_2023_3,commerce_2023_4,commerce_2023_5,commerce_2023_6,commerce_2023_7,commerce_2023_8,commerce_2023_9,commerce_2023_10,commerce_2023_11,commerce_2023_12,commerce_2024_1,commerce_2024_2,commerce_2024_3,commerce_2024_4,commerce_2024_5,commerce_2024_6,construction_2023_1,construction_2023_2,construction_2023_3,construction_2023_4,construction_2023_5,construction_2023_6,construction_2023_7,construction_2023_8,construction_2023_9,construction_2023_10,construction_2023_11,construction_2023_12,construction_2024_1,construction_2024_2,construction_2024_3,construction_2024_4,construction_2024_5,construction_2024_6,electricity_2023_1,electricity_2023_2,electricity_2023_3,electricity_2023_4,electricity_2023_5,electricity_2023_6,electricity_2023_7,electricity_2023_8,electricity_2023_9,electricity_2023_10,electricity_2023_11,electricity_2023_12,electricity_2024_1,electricity_2024_2,electricity_2024_3,electricity_2024_4,electricity_2024_5,electricity_2024_6,fishing_2023_1,fishing_2023_2,fishing_2023_3,fishing_2023_4,fishing_2023_5,fishing_2023_6,fishing_2023_7,fishing_2023_8,fishing_2023_9,fishing_2023_10,fishing_2023_11,fishing_2023_12,fishing_2024_1,fishing_2024_2,fishing_2024_3,fishing_2024_4,fishing_2024_5,fishing_2024_6,gdp_2023_1,gdp_2023_2,gdp_2023_3,gdp_2023_4,gdp_2023_5,gdp_2023_6,gdp_2023_7,gdp_2023_8,gdp_2023_9,gdp_2023_10,gdp_2023_11,gdp_2023_12,gdp_2024_1,gdp_2024_2,gdp_2024_3,gdp_2024_4,gdp_2024_5,gdp_2024_6,manufacturing_2023_1,manufacturing_2023_2,manufacturing_2023_3,manufacturing_2023_4,manufacturing_2023_5,manufacturing_2023_6,manufacturing_2023_7,manufacturing_2023_8,manufacturing_2023_9,manufacturing_2023_10,manufacturing_2023_11,manufacturing_2023_12,manufacturing_2024_1,manufacturing_2024_2,manufacturing_2024_3,manufacturing_2024_4,manufacturing_2024_5,manufacturing_2024_6,mining_2023_1,mining_2023_2,mining_2023_3,mining_2023_4,mining_2023_5,mining_2023_6,mining_2023_7,mining_2023_8,mining_2023_9,mining_2023_10,mining_2023_11,mining_2023_12,mining_2024_1,mining_2024_2,mining_2024_3,mining_2024_4,mining_2024_5,mining_2024_6,services_2023_1,services_2023_2,services_2023_3,services_2023_4,services_2023_5,services_2023_6,services_2023_7,services_2023_8,services_2023_9,services_2023_10,services_2023_11,services_2023_12,services_2024_1,services_2024_2,services_2024_3,services_2024_4,services_2024_5,services_2024_6
2014,,,,,,,,,,,,,,,,,,,,,,,,,,,,,,,,,,,,,,,,,,,,,,,,,,,,,,,,,,,,,,,,,,,,,,,,,,,,,,,,,,,,,,,,,,,,,,,,,,,,,,,,,,,,,,,,,,,,,,,,,,,,,,,,,,,,,,,,,,,,,,,,,,,,,,,,,,,,,,,,,,
2010q1,,,,,,,,,,,,,,,,,,,,,,,,,,,,,,,,,,,,,,,,,,,,,,,,,,,,,,,,,,,,,,,,,,,,,,,,,,,,,,,,,,,,,,,,,,,,,,,,,,,,,,,,,,,,,,,,,,,,,,,,,,,,,,,,,,,,,,,,,,,,,,,,,,,,,,,,,,,,,,,,,,
2018q4,,,,,,,,,,,,,,,,,,,,,,,,,,,,,,,,,,,,,,,,,,,,,,,,,,,,,,,,,,,,,,,,,,,,,,,,,,,,,,,,,,,,,,,,,,,,,,,,,,,,,,,,,,,,,,,,,,,,,,,,,,,,,,,,,,,,,,,,,,,,,,,,,,,,,,,,,,,,,,,,,,
2011q3,,,,,,,,,,,,,,,,,,,,,,,,,,,,,,,,,,,,,,,,,,,,,,,,,,,,,,,,,,,,,,,,,,,,,,,,,,,,,,,,,,,,,,,,,,,,,,,,,,,,,,,,,,,,,,,,,,,,,,,,,,,,,,,,,,,,,,,,,,,,,,,,,,,,,,,,,,,,,,,,,,
2018q2,,,,,,,,,,,,,,,,,,,,,,,,,,,,,,,,,,,,,,,,,,,,,,,,,,,,,,,,,,,,,,,,,,,,,,,,,,,,,,,,,,,,,,,,,,,,,,,,,,,,,,,,,,,,,,,,,,,,,,,,,,,,,,,,,,,,,,,,,,,,,,,,,,,,,,,,,,,,,,,,,,
2018,,,,,,,,,,,,,,,,,,,,,,,,,,,,,,,,,,,,,,,,,,,,,,,,,,,,,,,,,,,,,,,,,,,,,,,,,,,,,,,,,,,,,,,,,,,,,,,,,,,,,,,,,,,,,,,,,,,,,,,,,,,,,,,,,,,,,,,,,,,,,,,,,,,,,,,,,,,,,,,,,,
2013q4,,,,,,,,,,,,,,,,,,,,,,,,,,,,,,,,,,,,,,,,,,,,,,,,,,,,,,,,,,,,,,,,,,,,,,,,,,,,,,,,,,,,,,,,,,,,,,,,,,,,,,,,,,,,,,,,,,,,,,,,,,,,,,,,,,,,,,,,,,,,,,,,,,,,,,,,,,,,,,,,,,
2010,,,,,,,,,,,,,,,,,,,,,,,,,,,,,,,,,,,,,,,,,,,,,,,,,,,,,,,,,,,,,,,,,,,,,,,,,,,,,,,,,,,,,,,,,,,,,,,,,,,,,,,,,,,,,,,,,,,,,,,,,,,,,,,,,,,,,,,,,,,,,,,,,,,,,,,,,,,,,,,,,,
2015q1,,,,,,,,,,,,,,,,,,,,,,,,,,,,,,,,,,,,,,,,,,,,,,,,,,,,,,,,,,,,,,,,,,,,,,,,,,,,,,,,,,,,,,,,,,,,,,,,,,,,,,,,,,,,,,,,,,,,,,,,,,,,,,,,,,,,,,,,,,,,,,,,,,,,,,,,,,,,,,,,,,
2022q3,2.5,3.8,3.8,3.8,3.8,3.8,3.8,3.8,4.2,4.2,5.4,5.4,5.4,5.4,5.4,5.4,5.4,5.4,2.4,2.4,2.4,2.4,2.4,2.4,2.4,2.4,2.4,2.4,2.4,2.4,2.4,2.4,2.4,2.4,2.4,2.4,3.0,3.6,3.6,3.6,3.6,3.6,3.6,3.6,3.6,3.6,3.6,3.6,3.6,3.6,3.6,3.6,3.6,3.6,4.3,4.3,4.3,4.3,4.3,4.3,4.3,4.3,4.3,4.3,4.3,4.3,4.3,4.3,4.3,4.3,4.3,4.3,5.9,14.2,14.2,14.2,14.2,14.2,14.2,17.4,17.4,17.4,17.4,17.4,17.4,17.4,17.4,17.4,17.4,17.4,1.7,2.0,2.0,2.0,2.0,2.0,2.0,2.0,2.0,2.0,2.0,2.0,2.0,2.0,2.0,2.0,2.0,2.0,0.4,1.1,1.1,1.1,1.0,1.0,1.0,1.1,1.1,1.1,1.2,1.2,1.2,1.2,1.2,1.2,1.2,1.2,-4.2,-4.2,-4.2,-4.2,-4.2,-4.2,-4.2,-4.2,-4.2,-4.2,-4.2,-4.2,-4.2,-4.2,-4.2,-4.2,-4.2,-4.2,2.8,2.9,2.9,2.9,3.0,3.0,3.0,2.9,2.9,2.9,2.8,2.8,2.8,2.8,2.8,2.8,2.8,2.8
2023q3,,,,,,,,,,,-5.0,-5.0,-5.0,-4.2,-4.2,-4.2,-3.6,-3.6,,,,,,,,,,,2.6,2.6,2.6,2.6,2.6,2.6,2.6,2.6,,,,,,,,,,,-9.2,-9.2,-9.2,-9.3,-9.3,-9.3,-9.3,-9.3,,,,,,,,,,,3.0,3.0,3.0,3.0,3.0,3.0,3.0,3.0,,,,,,,,,,,-8.3,-8.3,-8.3,-8.3,-8.3,-8.3,-8.3,-8.3,,,,,,,,,,,-1.0,-1.0,-1.0,-0.9,-0.9,-0.9,-0.9,-0.9,,,,,,,,,,,-9.0,-9.0,-9.0,-9.0,-9.0,-8.7,-8.3,-8.3,,,,,,,,,,,8.9,8.9,8.9,9.0,9.0,9.0,8.7,8.7,,,,,,,,,,,-0.6,-0.6,-0.6,-0.5,-0.5,-0.6,-0.7,-0.7
2017,,,,,,,,,,,,,,,,,,,,,,,,,,,,,,,,,,,,,,,,,,,,,,,,,,,,,,,,,,,,,,,,,,,,,,,,,,,,,,,,,,,,,,,,,,,,,,,,,,,,,,,,,,,,,,,,,,,,,,,,,,,,,,,,,,,,,,,,,,,,,,,,,,,,,,,,,,,,,,,,,,
2012,,,,,,,,,,,,,,,,,,,,,,,,,,,,,,,,,,,,,,,,,,,,,,,,,,,,,,,,,,,,,,,,,,,,,,,,,,,,,,,,,,,,,,,,,,,,,,,,,,,,,,,,,,,,,,,,,,,,,,,,,,,,,,,,,,,,,,,,,,,,,,,,,,,,,,,,,,,,,,,,,,
2016q1,,,,,,,,,,,,,,,,,,,,,,,,,,,,,,,,,,,,,,,,,,,,,,,,,,,,,,,,,,,,,,,,,,,,,,,,,,,,,,,,,,,,,,,,,,,,,,,,,,,,,,,,,,,,,,,,,,,,,,,,,,,,,,,,,,,,,,,,,,,,,,,,,,,,,,,,,,,,,,,,,,
2017q4,,,,,,,,,,,,,,,,,,,,,,,,,,,,,,,,,,,,,,,,,,,,,,,,,,,,,,,,,,,,,,,,,,,,,,,,,,,,,,,,,,,,,,,,,,,,,,,,,,,,,,,,,,,,,,,,,,,,,,,,,,,,,,,,,,,,,,,,,,,,,,,,,,,,,,,,,,,,,,,,,,
2023q2,,,,,,,,-5.7,-5.7,-5.7,-5.4,-5.4,-5.4,-5.6,-5.6,-5.6,-5.6,-5.6,,,,,,,,3.1,3.1,3.1,3.1,3.1,3.1,3.1,3.1,3.1,3.1,3.1,,,,,,,,-6.7,-6.7,-6.7,-7.3,-7.3,-7.3,-7.2,-7.2,-7.2,-7.2,-7.2,,,,,,,,5.8,5.8,5.8,5.8,5.8,5.8,5.8,5.8,5.8,5.8,5.8,,,,,,,,-61.0,-61.0,-61.0,-61.0,-61.0,-61.0,-61.0,-61.0,-61.0,-61.0,-61.0,,,,,,,,-0.5,-0.5,-0.5,-0.5,-0.5,-0.5,-0.5,-0.5,-0.5,-0.5,-0.5,,,,,,,,-11.7,-11.7,-11.7,-11.7,-11.7,-11.7,-11.7,-11.7,-11.7,-11.7,-11.7,,,,,,,,16.7,16.7,16.7,16.7,16.7,16.7,16.7,16.7,16.7,16.4,16.4,,,,,,,,0.0,0.0,0.0,0.0,0.0,0.0,0.0,0.0,0.0,0.1,0.1
2023,,,,,,,,,,,,,,-2.9,-2.9,-2.9,-2.4,-2.4,,,,,,,,,,,,,,2.4,2.4,2.4,2.4,2.4,,,,,,,,,,,,,,-7.9,-7.9,-7.9,-7.9,-7.9,,,,,,,,,,,,,,3.7,3.7,3.7,3.7,3.7,,,,,,,,,,,,,,-19.7,-19.7,-19.7,-19.7,-19.7,,,,,,,,,,,,,,-0.6,-0.6,-0.6,-0.6,-0.6,,,,,,,,,,,,,,-6.6,-6.6,-6.8,-6.5,-6.5,,,,,,,,,,,,,,8.2,8.2,8.2,8.0,8.0,,,,,,,,,,,,,,-0.4,-0.4,-0.3,-0.4,-0.4
2014q4,,,,,,,,,,,,,,,,,,,,,,,,,,,,,,,,,,,,,,,,,,,,,,,,,,,,,,,,,,,,,,,,,,,,,,,,,,,,,,,,,,,,,,,,,,,,,,,,,,,,,,,,,,,,,,,,,,,,,,,,,,,,,,,,,,,,,,,,,,,,,,,,,,,,,,,,,,,,,,,,,,
2011q2,,,,,,,,,,,,,,,,,,,,,,,,,,,,,,,,,,,,,,,,,,,,,,,,,,,,,,,,,,,,,,,,,,,,,,,,,,,,,,,,,,,,,,,,,,,,,,,,,,,,,,,,,,,,,,,,,,,,,,,,,,,,,,,,,,,,,,,,,,,,,,,,,,,,,,,,,,,,,,,,,,
2012q3,,,,,,,,,,,,,,,,,,,,,,,,,,,,,,,,,,,,,,,,,,,,,,,,,,,,,,,,,,,,,,,,,,,,,,,,,,,,,,,,,,,,,,,,,,,,,,,,,,,,,,,,,,,,,,,,,,,,,,,,,,,,,,,,,,,,,,,,,,,,,,,,,,,,,,,,,,,,,,,,,,
2022,,4.3,4.3,4.3,4.4,4.4,4.4,4.4,4.5,4.5,4.5,4.5,4.5,4.5,4.5,4.5,4.5,4.5,,3.3,3.3,3.3,3.3,3.3,3.3,3.3,3.3,3.3,3.3,3.3,3.3,3.3,3.3,3.3,3.3,3.3,,3.0,3.0,3.0,3.0,3.0,3.0,3.0,3.0,3.0,3.0,3.0,3.0,3.1,3.1,3.1,3.1,3.1,,3.9,3.9,3.9,3.9,3.9,3.9,3.9,3.9,3.9,3.9,3.9,3.9,3.9,3.9,3.9,3.9,3.9,,-13.7,-13.7,-13.7,-13.7,-13.7,-13.7,-11.4,-11.4,-11.4,-11.4,-11.4,-11.4,-11.4,-11.4,-11.4,-11.4,-11.4,,2.7,2.7,2.7,2.7,2.7,2.7,2.7,2.7,2.7,2.7,2.7,2.7,2.7,2.7,2.7,2.7,2.7,,1.0,1.0,1.0,0.9,0.9,0.9,0.9,0.9,0.9,1.0,1.0,1.0,1.0,1.0,1.0,1.0,1.0,,0.3,0.3,0.3,0.5,0.5,0.5,0.5,0.5,0.5,0.5,0.5,0.5,0.5,0.5,0.5,0.5,0.5,,3.4,3.4,3.4,3.4,3.4,3.4,3.4,3.4,3.4,3.3,3.3,3.3,3.3,3.3,3.3,3.3,3.3
2015,,,,,,,,,,,,,,,,,,,,,,,,,,,,,,,,,,,,,,,,,,,,,,,,,,,,,,,,,,,,,,,,,,,,,,,,,,,,,,,,,,,,,,,,,,,,,,,,,,,,,,,,,,,,,,,,,,,,,,,,,,,,,,,,,,,,,,,,,,,,,,,,,,,,,,,,,,,,,,,,,,
2019q1,,,,,,,,,,,,,,,,,,,,,,,,,,,,,,,,,,,,,,,,,,,,,,,,,,,,,,,,,,,,,,,,,,,,,,,,,,,,,,,,,,,,,,,,,,,,,,,,,,,,,,,,,,,,,,,,,,,,,,,,,,,,,,,,,,,,,,,,,,,,,,,,,,,,,,,,,,,,,,,,,,
2024q1,,,,,,,,,,,,,,,,,-0.7,-0.7,,,,,,,,,,,,,,,,,2.4,2.4,,,,,,,,,,,,,,,,,5.1,5.1,,,,,,,,,,,,,,,,,3.9,3.9,,,,,,,,,,,,,,,,,-29.5,-29.5,,,,,,,,,,,,,,,,,1.4,1.4,,,,,,,,,,,,,,,,,-6.3,-6.3,,,,,,,,,,,,,,,,,7.6,7.6,,,,,,,,,,,,,,,,,1.6,1.6
2021q3,11.1,11.2,11.2,11.2,11.2,11.2,11.2,11.2,11.2,11.2,11.2,11.2,11.2,11.3,11.3,11.3,11.3,11.3,10.1,10.1,10.1,10.1,10.1,10.1,10.1,10.1,10.1,10.1,10.1,10.1,10.1,10.1,10.1,10.1,10.1,10.1,23.9,23.9,23.9,23.9,23.9,23.9,23.9,23.9,23.9,23.9,23.9,23.9,23.9,23.9,23.9,23.9,23.9,23.9,6.3,6.3,6.3,6.3,6.3,6.3,6.3,6.3,6.3,6.3,6.3,6.3,6.3,6.3,6.3,6.3,6.3,6.3,-28.7,-28.7,-28.7,-28.7,-28.7,-28.7,-28.7,-28.7,-28.7,-28.7,-28.7,-28.7,-28.7,-28.7,-28.7,-28.7,-28.7,-28.7,11.9,12.0,12.0,12.0,11.7,11.7,11.7,11.7,11.7,11.7,11.6,11.6,11.6,11.6,11.6,11.6,11.6,11.6,9.3,9.3,9.3,9.3,9.3,9.3,9.3,9.3,9.3,9.3,9.3,9.3,9.3,9.3,9.3,9.3,9.3,9.3,6.6,6.6,6.6,6.6,6.6,6.6,6.6,6.6,6.6,6.6,6.6,6.6,6.6,6.6,6.6,6.6,6.6,6.6,13.5,13.5,13.5,13.5,12.9,12.9,12.9,12.9,12.9,12.9,12.9,12.9,12.9,12.9,12.9,12.9,12.9,12.9
2013,,,,,,,,,,,,,,,,,,,,,,,,,,,,,,,,,,,,,,,,,,,,,,,,,,,,,,,,,,,,,,,,,,,,,,,,,,,,,,,,,,,,,,,,,,,,,,,,,,,,,,,,,,,,,,,,,,,,,,,,,,,,,,,,,,,,,,,,,,,,,,,,,,,,,,,,,,,,,,,,,,
2021q2,1.1,1.3,1.3,1.3,1.3,1.3,1.3,1.3,1.3,1.3,1.2,1.2,1.2,1.3,1.3,1.3,1.3,1.3,85.9,85.9,85.9,85.9,85.9,85.9,85.9,85.9,85.9,85.9,85.9,85.9,85.9,85.9,85.9,85.9,85.9,85.9,232.5,232.5,232.5,232.5,232.5,232.5,232.5,232.5,232.5,232.5,232.5,232.5,232.5,232.5,232.5,232.5,232.5,232.5,25.3,25.3,25.3,25.3,25.3,25.3,25.3,25.3,25.3,25.3,25.3,25.3,25.3,25.3,25.3,25.3,25.3,25.3,26.1,26.1,26.1,26.1,26.1,26.1,26.1,26.1,26.1,26.1,26.1,26.1,26.1,26.1,26.1,26.1,26.1,26.1,42.0,42.0,42.0,42.0,42.1,42.1,42.1,42.1,42.1,42.1,42.2,42.2,42.2,42.2,42.2,42.2,42.2,42.2,61.6,61.6,61.6,61.6,61.6,61.6,61.6,61.6,61.6,61.6,61.6,61.6,61.6,61.6,61.6,61.6,61.6,61.6,39.0,39.0,39.0,39.0,39.0,39.0,39.0,39.0,39.0,39.0,39.0,39.0,39.0,39.0,39.0,39.0,39.0,39.0,31.3,31.2,31.2,31.2,31.5,31.5,31.5,31.5,31.5,31.5,31.7,31.7,31.7,31.7,31.7,31.7,31.7,31.7
2018q3,,,,,,,,,,,,,,,,,,,,,,,,,,,,,,,,,,,,,,,,,,,,,,,,,,,,,,,,,,,,,,,,,,,,,,,,,,,,,,,,,,,,,,,,,,,,,,,,,,,,,,,,,,,,,,,,,,,,,,,,,,,,,,,,,,,,,,,,,,,,,,,,,,,,,,,,,,,,,,,,,,
2018q1,,,,,,,,,,,,,,,,,,,,,,,,,,,,,,,,,,,,,,,,,,,,,,,,,,,,,,,,,,,,,,,,,,,,,,,,,,,,,,,,,,,,,,,,,,,,,,,,,,,,,,,,,,,,,,,,,,,,,,,,,,,,,,,,,,,,,,,,,,,,,,,,,,,,,,,,,,,,,,,,,,
2015q3,,,,,,,,,,,,,,,,,,,,,,,,,,,,,,,,,,,,,,,,,,,,,,,,,,,,,,,,,,,,,,,,,,,,,,,,,,,,,,,,,,,,,,,,,,,,,,,,,,,,,,,,,,,,,,,,,,,,,,,,,,,,,,,,,,,,,,,,,,,,,,,,,,,,,,,,,,,,,,,,,,
2012q2,,,,,,,,,,,,,,,,,,,,,,,,,,,,,,,,,,,,,,,,,,,,,,,,,,,,,,,,,,,,,,,,,,,,,,,,,,,,,,,,,,,,,,,,,,,,,,,,,,,,,,,,,,,,,,,,,,,,,,,,,,,,,,,,,,,,,,,,,,,,,,,,,,,,,,,,,,,,,,,,,,
2021,4.6,4.6,4.6,4.6,4.6,4.6,4.6,4.6,4.6,4.6,4.6,4.6,4.6,4.6,4.6,4.6,4.6,4.6,17.8,17.8,17.8,17.8,17.8,17.8,17.8,17.8,17.8,17.8,17.8,17.8,17.8,17.8,17.8,17.8,17.8,17.8,34.5,34.9,34.9,34.9,34.9,34.9,34.9,34.9,34.9,34.9,34.9,34.9,34.9,34.9,34.9,34.9,34.9,34.9,8.5,8.5,8.5,8.5,8.5,8.5,8.5,8.5,8.5,8.5,8.5,8.5,8.5,8.5,8.5,8.5,8.5,8.5,9.9,9.9,9.9,9.9,9.9,9.9,9.9,9.9,9.9,9.9,9.9,9.9,9.9,9.9,9.9,9.9,9.9,9.9,13.6,13.6,13.6,13.6,13.3,13.3,13.3,13.3,13.3,13.3,13.4,13.4,13.4,13.4,13.4,13.4,13.4,13.4,18.6,18.6,18.6,18.6,18.6,18.6,18.6,18.6,18.6,18.6,18.6,18.6,18.6,18.6,18.6,18.6,18.6,18.6,8.1,8.1,8.1,8.1,8.1,8.1,8.1,8.1,8.1,8.1,8.1,8.1,8.1,8.1,8.1,8.1,8.1,8.1,11.8,11.9,11.9,11.9,11.4,11.4,11.4,11.4,11.4,11.4,11.5,11.5,11.5,11.5,11.5,11.5,11.5,11.5
2022q4,,2.4,2.4,2.4,3.3,3.3,3.3,3.3,3.1,3.1,3.1,3.1,3.1,3.1,3.1,3.1,3.1,3.1,,2.5,2.5,2.5,2.5,2.5,2.5,2.5,2.5,2.5,2.5,2.5,2.5,2.5,2.5,2.5,2.5,2.5,,4.7,4.7,4.7,4.7,4.7,4.7,4.7,4.7,4.7,4.7,4.7,4.7,5.1,5.1,5.1,5.1,5.1,,5.2,5.2,5.2,5.2,5.2,5.2,5.2,5.2,5.2,5.2,5.2,5.2,5.2,5.2,5.2,5.2,5.2,,-18.4,-18.4,-18.4,-18.4,-18.4,-18.4,-17.7,-17.7,-17.7,-17.7,-17.7,-17.7,-17.7,-17.7,-17.7,-17.7,-17.7,,1.7,1.7,1.7,1.7,1.7,1.7,1.7,1.7,1.7,1.8,1.8,1.8,1.8,1.8,1.8,1.8,1.8,,-2.3,-2.3,-2.3,-2.4,-2.4,-2.4,-2.4,-2.4,-2.4,-2.2,-2.2,-2.2,-2.2,-2.2,-2.2,-2.2,-2.2,,5.4,5.4,5.4,6.0,6.0,6.0,6.0,6.0,6.0,6.0,6.0,6.0,6.0,6.0,6.0,6.0,6.0,,1.2,1.2,1.2,1.0,1.0,1.0,1.0,1.0,1.0,1.2,1.2,1.2,1.2,1.2,1.2,1.2,1.2
2022q1,4.0,5.0,5.0,5.0,4.7,4.7,4.7,4.7,4.8,4.8,4.6,4.6,4.6,4.7,4.7,4.7,4.7,4.7,5.9,5.9,5.9,5.9,5.9,5.9,5.9,5.9,5.9,5.9,5.9,5.9,5.9,5.9,5.9,5.9,5.9,5.9,-0.5,-0.4,-0.4,-0.4,-0.4,-0.4,-0.4,-0.4,-0.4,-0.4,-0.4,-0.4,-0.4,-0.4,-0.4,-0.4,-0.4,-0.4,3.4,3.4,3.4,3.4,3.4,3.4,3.4,3.4,3.4,3.4,3.4,3.4,3.4,3.4,3.4,3.4,3.4,3.4,-33.2,-26.8,-26.8,-26.8,-26.8,-26.8,-26.8,-22.7,-22.7,-22.7,-22.7,-22.7,-22.7,-22.7,-22.7,-22.7,-22.7,-22.7,3.8,3.9,3.9,3.9,3.9,3.9,3.9,3.9,3.9,3.9,3.8,3.8,3.8,3.8,3.8,3.8,3.8,3.8,1.7,1.7,1.7,1.7,1.7,1.7,1.7,1.6,1.6,1.6,1.6,1.6,1.6,1.6,1.6,1.6,1.6,1.6,1.2,1.2,1.2,1.2,1.2,1.2,1.2,1.3,1.3,1.3,1.3,1.3,1.3,1.3,1.3,1.3,1.3,1.3,5.4,5.4,5.4,5.4,5.5,5.5,5.5,5.5,5.4,5.4,5.2,5.2,5.2,5.2,5.2,5.2,5.2,5.2
2013q1,,,,,,,,,,,,,,,,,,,,,,,,,,,,,,,,,,,,,,,,,,,,,,,,,,,,,,,,,,,,,,,,,,,,,,,,,,,,,,,,,,,,,,,,,,,,,,,,,,,,,,,,,,,,,,,,,,,,,,,,,,,,,,,,,,,,,,,,,,,,,,,,,,,,,,,,,,,,,,,,,,
2016,,,,,,,,,,,,,,,,,,,,,,,,,,,,,,,,,,,,,,,,,,,,,,,,,,,,,,,,,,,,,,,,,,,,,,,,,,,,,,,,,,,,,,,,,,,,,,,,,,,,,,,,,,,,,,,,,,,,,,,,,,,,,,,,,,,,,,,,,,,,,,,,,,,,,,,,,,,,,,,,,,
2023q4,,,,,,,,,,,,,,-1.1,-1.1,-1.1,-0.3,-0.3,,,,,,,,,,,,,,1.6,1.6,1.6,1.6,1.6,,,,,,,,,,,,,,-4.5,-4.5,-4.5,-4.5,-4.5,,,,,,,,,,,,,,1.4,1.4,1.4,1.4,1.4,,,,,,,,,,,,,,-3.6,-3.6,-3.6,-3.6,-3.6,,,,,,,,,,,,,,-0.4,-0.4,-0.4,-0.4,-0.4,,,,,,,,,,,,,,-4.8,-4.8,-5.7,-5.2,-5.2,,,,,,,,,,,,,,4.8,4.8,4.8,4.7,4.7,,,,,,,,,,,,,,-0.3,-0.3,-0.1,-0.3,-0.3
2020q4,0.2,0.2,0.2,0.2,0.2,0.2,0.2,0.2,0.2,0.2,0.3,0.3,0.3,,,,,,-2.6,-2.6,-2.6,-2.6,-2.6,-2.6,-2.6,-2.6,-2.6,-2.6,-2.6,-2.6,-2.6,,,,,,20.1,20.1,20.1,20.1,20.1,20.1,20.1,20.1,20.1,20.1,20.1,20.1,20.1,,,,,,-0.2,-0.2,-0.2,-0.2,-0.2,-0.2,-0.2,-0.2,-0.2,-0.2,-0.2,-0.2,-0.2,,,,,,38.6,38.6,38.6,38.6,38.6,38.6,38.6,38.6,38.6,38.6,38.6,38.6,38.6,,,,,,-1.3,-1.3,-1.3,-1.3,-1.5,-1.5,-1.5,-1.5,-1.5,-1.5,-1.3,-1.3,-1.3,,,,,,2.0,2.0,2.0,2.0,2.0,2.0,2.0,2.0,2.0,2.0,2.0,2.0,2.0,,,,,,-3.9,-3.9,-3.9,-3.9,-3.9,-3.9,-3.9,-3.9,-3.9,-3.9,-3.9,-3.9,-3.9,,,,,,-4.7,-4.7,-4.7,-4.7,-4.9,-4.9,-4.9,-4.9,-4.9,-4.9,-4.5,-4.5,-4.5,,,,,
2011,,,,,,,,,,,,,,,,,,,,,,,,,,,,,,,,,,,,,,,,,,,,,,,,,,,,,,,,,,,,,,,,,,,,,,,,,,,,,,,,,,,,,,,,,,,,,,,,,,,,,,,,,,,,,,,,,,,,,,,,,,,,,,,,,,,,,,,,,,,,,,,,,,,,,,,,,,,,,,,,,,
2017q3,,,,,,,,,,,,,,,,,,,,,,,,,,,,,,,,,,,,,,,,,,,,,,,,,,,,,,,,,,,,,,,,,,,,,,,,,,,,,,,,,,,,,,,,,,,,,,,,,,,,,,,,,,,,,,,,,,,,,,,,,,,,,,,,,,,,,,,,,,,,,,,,,,,,,,,,,,,,,,,,,,
2014q1,,,,,,,,,,,,,,,,,,,,,,,,,,,,,,,,,,,,,,,,,,,,,,,,,,,,,,,,,,,,,,,,,,,,,,,,,,,,,,,,,,,,,,,,,,,,,,,,,,,,,,,,,,,,,,,,,,,,,,,,,,,,,,,,,,,,,,,,,,,,,,,,,,,,,,,,,,,,,,,,,,
2019,3.5,,,,,,,,,,,,,,,,,,3.0,,,,,,,,,,,,,,,,,,1.4,,,,,,,,,,,,,,,,,,3.9,,,,,,,,,,,,,,,,,,-17.2,,,,,,,,,,,,,,,,,,2.2,,,,,,,,,,,,,,,,,,-1.7,,,,,,,,,,,,,,,,,,0.0,,,,,,,,,,,,,,,,,,3.8,,,,,,,,,,,,,,,,,
2010q3,,,,,,,,,,,,,,,,,,,,,,,,,,,,,,,,,,,,,,,,,,,,,,,,,,,,,,,,,,,,,,,,,,,,,,,,,,,,,,,,,,,,,,,,,,,,,,,,,,,,,,,,,,,,,,,,,,,,,,,,,,,,,,,,,,,,,,,,,,,,,,,,,,,,,,,,,,,,,,,,,,
2020q2,1.8,1.8,1.8,1.8,1.8,1.8,1.8,1.8,1.8,1.8,,,,,,,,,-46.8,-46.8,-46.8,-46.8,-46.8,-46.8,-46.8,-46.8,-46.8,-46.8,,,,,,,,,-66.3,-66.3,-66.3,-66.3,-66.3,-66.3,-66.3,-66.3,-66.3,-66.3,,,,,,,,,-19.4,-19.4,-19.4,-19.4,-19.4,-19.4,-19.4,-19.4,-19.4,-19.4,,,,,,,,,-14.4,-14.4,-14.4,-14.4,-14.4,-14.4,-14.4,-14.4,-14.4,-14.4,,,,,,,,,-29.9,-29.9,-29.9,-29.9,-30.0,-30.0,-30.0,-30.0,-30.0,-30.0,,,,,,,,,-36.2,-36.2,-36.2,-36.2,-36.2,-36.2,-36.2,-36.2,-36.2,-36.2,,,,,,,,,-34.3,-34.3,-34.3,-34.3,-34.3,-34.3,-34.3,-34.3,-34.3,-34.3,,,,,,,,,-24.9,-24.9,-24.9,-24.9,-25.1,-25.1,-25.1,-25.1,-25.1,-25.1,,,,,,,,
2012q1,,,,,,,,,,,,,,,,,,,,,,,,,,,,,,,,,,,,,,,,,,,,,,,,,,,,,,,,,,,,,,,,,,,,,,,,,,,,,,,,,,,,,,,,,,,,,,,,,,,,,,,,,,,,,,,,,,,,,,,,,,,,,,,,,,,,,,,,,,,,,,,,,,,,,,,,,,,,,,,,,,
2013q3,,,,,,,,,,,,,,,,,,,,,,,,,,,,,,,,,,,,,,,,,,,,,,,,,,,,,,,,,,,,,,,,,,,,,,,,,,,,,,,,,,,,,,,,,,,,,,,,,,,,,,,,,,,,,,,,,,,,,,,,,,,,,,,,,,,,,,,,,,,,,,,,,,,,,,,,,,,,,,,,,,
2017q2,,,,,,,,,,,,,,,,,,,,,,,,,,,,,,,,,,,,,,,,,,,,,,,,,,,,,,,,,,,,,,,,,,,,,,,,,,,,,,,,,,,,,,,,,,,,,,,,,,,,,,,,,,,,,,,,,,,,,,,,,,,,,,,,,,,,,,,,,,,,,,,,,,,,,,,,,,,,,,,,,,
2014q3,,,,,,,,,,,,,,,,,,,,,,,,,,,,,,,,,,,,,,,,,,,,,,,,,,,,,,,,,,,,,,,,,,,,,,,,,,,,,,,,,,,,,,,,,,,,,,,,,,,,,,,,,,,,,,,,,,,,,,,,,,,,,,,,,,,,,,,,,,,,,,,,,,,,,,,,,,,,,,,,,,
2020q3,-1.9,-1.9,-1.9,-1.9,-1.9,-1.9,-1.9,-1.9,-1.9,-1.9,-1.9,-1.9,-1.9,,,,,,-8.1,-8.1,-8.1,-8.1,-8.1,-8.1,-8.1,-8.1,-8.1,-8.1,-8.1,-8.1,-8.1,,,,,,-4.4,-4.4,-4.4,-4.4,-4.4,-4.4,-4.4,-4.4,-4.4,-4.4,-4.4,-4.4,-4.4,,,,,,-3.1,-3.1,-3.1,-3.1,-3.1,-3.1,-3.1,-3.1,-3.1,-3.1,-3.1,-3.1,-3.1,,,,,,14.9,14.9,14.9,14.9,14.9,14.9,14.9,14.9,14.9,14.9,14.9,14.9,14.9,,,,,,-8.8,-8.8,-8.8,-8.8,-8.7,-8.7,-8.7,-8.7,-8.7,-8.7,-8.6,-8.6,-8.6,,,,,,-6.9,-6.9,-6.9,-6.9,-6.9,-6.9,-6.9,-6.9,-6.9,-6.9,-6.9,-6.9,-6.9,,,,,,-10.2,-10.2,-10.2,-10.2,-10.2,-10.2,-10.2,-10.2,-10.2,-10.2,-10.2,-10.2,-10.2,,,,,,-10.7,-10.7,-10.7,-10.7,-10.5,-10.5,-10.5,-10.5,-10.5,-10.5,-10.3,-10.3,-10.3,,,,,
2015q4,,,,,,,,,,,,,,,,,,,,,,,,,,,,,,,,,,,,,,,,,,,,,,,,,,,,,,,,,,,,,,,,,,,,,,,,,,,,,,,,,,,,,,,,,,,,,,,,,,,,,,,,,,,,,,,,,,,,,,,,,,,,,,,,,,,,,,,,,,,,,,,,,,,,,,,,,,,,,,,,,,
2016q3,,,,,,,,,,,,,,,,,,,,,,,,,,,,,,,,,,,,,,,,,,,,,,,,,,,,,,,,,,,,,,,,,,,,,,,,,,,,,,,,,,,,,,,,,,,,,,,,,,,,,,,,,,,,,,,,,,,,,,,,,,,,,,,,,,,,,,,,,,,,,,,,,,,,,,,,,,,,,,,,,,
2011q4,,,,,,,,,,,,,,,,,,,,,,,,,,,,,,,,,,,,,,,,,,,,,,,,,,,,,,,,,,,,,,,,,,,,,,,,,,,,,,,,,,,,,,,,,,,,,,,,,,,,,,,,,,,,,,,,,,,,,,,,,,,,,,,,,,,,,,,,,,,,,,,,,,,,,,,,,,,,,,,,,,
2013q2,,,,,,,,,,,,,,,,,,,,,,,,,,,,,,,,,,,,,,,,,,,,,,,,,,,,,,,,,,,,,,,,,,,,,,,,,,,,,,,,,,,,,,,,,,,,,,,,,,,,,,,,,,,,,,,,,,,,,,,,,,,,,,,,,,,,,,,,,,,,,,,,,,,,,,,,,,,,,,,,,,
2016q4,,,,,,,,,,,,,,,,,,,,,,,,,,,,,,,,,,,,,,,,,,,,,,,,,,,,,,,,,,,,,,,,,,,,,,,,,,,,,,,,,,,,,,,,,,,,,,,,,,,,,,,,,,,,,,,,,,,,,,,,,,,,,,,,,,,,,,,,,,,,,,,,,,,,,,,,,,,,,,,,,,
2019q3,2.2,,,,,,,,,,,,,,,,,,3.3,,,,,,,,,,,,,,,,,,3.3,,,,,,,,,,,,,,,,,,3.7,,,,,,,,,,,,,,,,,,29.5,,,,,,,,,,,,,,,,,,3.4,,,,,,,,,,,,,,,,,,3.8,,,,,,,,,,,,,,,,,,0.3,,,,,,,,,,,,,,,,,,4.1,,,,,,,,,,,,,,,,,
2017q1,,,,,,,,,,,,,,,,,,,,,,,,,,,,,,,,,,,,,,,,,,,,,,,,,,,,,,,,,,,,,,,,,,,,,,,,,,,,,,,,,,,,,,,,,,,,,,,,,,,,,,,,,,,,,,,,,,,,,,,,,,,,,,,,,,,,,,,,,,,,,,,,,,,,,,,,,,,,,,,,,,
2010q2,,,,,,,,,,,,,,,,,,,,,,,,,,,,,,,,,,,,,,,,,,,,,,,,,,,,,,,,,,,,,,,,,,,,,,,,,,,,,,,,,,,,,,,,,,,,,,,,,,,,,,,,,,,,,,,,,,,,,,,,,,,,,,,,,,,,,,,,,,,,,,,,,,,,,,,,,,,,,,,,,,
2019q4,5.3,,,,,,,,,,,,,,,,,,3.6,,,,,,,,,,,,,,,,,,-4.5,,,,,,,,,,,,,,,,,,2.4,,,,,,,,,,,,,,,,,,-23.9,,,,,,,,,,,,,,,,,,2.0,,,,,,,,,,,,,,,,,,-2.5,,,,,,,,,,,,,,,,,,2.1,,,,,,,,,,,,,,,,,,3.7,,,,,,,,,,,,,,,,,
2021q4,6.6,6.4,6.4,6.4,6.4,6.4,6.4,6.4,6.4,6.4,6.5,6.5,6.5,6.6,6.6,6.6,6.6,6.6,3.9,3.9,3.9,3.9,3.9,3.9,3.9,3.9,3.9,3.9,3.9,3.9,3.9,3.9,3.9,3.9,3.9,3.9,-5.8,-5.1,-5.1,-5.1,-5.1,-5.1,-5.1,-5.1,-5.1,-5.1,-5.1,-5.1,-5.1,-5.1,-5.1,-5.1,-5.1,-5.1,3.0,3.0,3.0,3.0,3.0,3.0,3.0,3.0,3.0,3.0,3.0,3.0,3.0,3.0,3.0,3.0,3.0,3.0,-3.1,-3.1,-3.1,-3.1,-3.1,-3.1,-3.1,-3.1,-3.1,-3.1,-3.1,-3.1,-3.1,-3.1,-3.1,-3.1,-3.1,-3.1,3.5,3.6,3.6,3.6,3.3,3.3,3.3,3.3,3.3,3.3,3.4,3.4,3.4,3.4,3.4,3.4,3.4,3.4,2.7,2.7,2.7,2.7,2.7,2.7,2.7,2.7,2.7,2.7,2.7,2.7,2.7,2.7,2.7,2.7,2.7,2.7,-3.1,-3.1,-3.1,-3.1,-3.1,-3.1,-3.1,-3.1,-3.1,-3.1,-3.1,-3.1,-3.1,-3.1,-3.1,-3.1,-3.1,-3.1,6.6,6.7,6.7,6.7,6.1,6.1,6.1,6.1,6.1,6.1,6.3,6.3,6.3,6.2,6.2,6.2,6.2,6.2
2019q2,,,,,,,,,,,,,,,,,,,,,,,,,,,,,,,,,,,,,,,,,,,,,,,,,,,,,,,,,,,,,,,,,,,,,,,,,,,,,,,,,,,,,,,,,,,,,,,,,,,,,,,,,,,,,,,,,,,,,,,,,,,,,,,,,,,,,,,,,,,,,,,,,,,,,,,,,,,,,,,,,,
2022q2,5.3,5.7,5.7,5.7,5.6,5.6,5.6,5.6,5.4,5.4,4.9,4.9,4.9,4.8,4.8,4.8,4.8,4.8,2.6,2.6,2.6,2.6,2.6,2.6,2.6,2.6,2.6,2.6,2.6,2.6,2.6,2.6,2.6,2.6,2.6,2.6,3.4,3.4,3.4,3.4,3.4,3.4,3.4,3.4,3.4,3.4,3.4,3.4,3.4,3.4,3.4,3.4,3.4,3.4,2.6,2.6,2.6,2.6,2.6,2.6,2.6,2.6,2.6,2.6,2.6,2.6,2.6,2.6,2.6,2.6,2.6,2.6,-12.8,-10.1,-10.1,-10.1,-10.1,-10.1,-10.1,-7.8,-7.8,-7.8,-7.8,-7.8,-7.8,-7.8,-7.8,-7.8,-7.8,-7.8,3.3,3.4,3.4,3.4,3.4,3.4,3.4,3.4,3.4,3.4,3.3,3.3,3.3,3.3,3.3,3.3,3.3,3.3,3.6,3.5,3.5,3.5,3.4,3.4,3.4,3.4,3.4,3.4,3.4,3.4,3.4,3.4,3.4,3.4,3.4,3.4,-1.2,-1.2,-1.2,-1.2,-1.2,-1.2,-1.2,-1.1,-1.1,-1.1,-1.1,-1.1,-1.1,-1.1,-1.1,-1.1,-1.1,-1.1,4.4,4.4,4.4,4.4,4.4,4.4,4.4,4.4,4.4,4.4,4.4,4.4,4.4,4.4,4.4,4.4,4.5,4.5
2010q4,,,,,,,,,,,,,,,,,,,,,,,,,,,,,,,,,,,,,,,,,,,,,,,,,,,,,,,,,,,,,,,,,,,,,,,,,,,,,,,,,,,,,,,,,,,,,,,,,,,,,,,,,,,,,,,,,,,,,,,,,,,,,,,,,,,,,,,,,,,,,,,,,,,,,,,,,,,,,,,,,,
2023q1,,,,,-0.2,-0.2,-0.2,0.1,0.1,0.1,0.6,0.6,0.6,0.7,0.7,0.7,1.3,1.3,,,,,2.2,2.2,2.2,2.2,2.2,2.2,2.2,2.2,2.2,2.2,2.2,2.2,2.2,2.2,,,,,-11.5,-11.5,-11.5,-11.5,-11.5,-11.5,-11.5,-11.5,-11.5,-11.5,-11.5,-11.5,-11.5,-11.5,,,,,4.6,4.6,4.6,4.6,4.6,4.6,4.6,4.6,4.6,4.6,4.6,4.6,4.6,4.6,,,,,22.4,22.4,22.4,15.9,15.9,15.9,15.9,15.9,15.9,15.9,15.9,15.9,15.9,15.9,,,,,-0.4,-0.4,-0.4,-0.4,-0.4,-0.4,-0.4,-0.4,-0.4,-0.4,-0.4,-0.4,-0.4,-0.4,,,,,-0.3,-0.3,-0.3,-0.4,-0.4,-0.4,-0.6,-0.6,-0.6,-0.6,-0.6,-0.6,-0.5,-0.5,,,,,2.5,2.5,2.5,2.9,2.9,2.9,3.0,3.0,3.0,2.9,2.9,2.9,2.5,2.5,,,,,-0.7,-0.7,-0.7,-0.7,-0.7,-0.7,-0.6,-0.6,-0.6,-0.6,-0.6,-0.7,-0.6,-0.6
2012q4,,,,,,,,,,,,,,,,,,,,,,,,,,,,,,,,,,,,,,,,,,,,,,,,,,,,,,,,,,,,,,,,,,,,,,,,,,,,,,,,,,,,,,,,,,,,,,,,,,,,,,,,,,,,,,,,,,,,,,,,,,,,,,,,,,,,,,,,,,,,,,,,,,,,,,,,,,,,,,,,,,
2020,1.0,1.0,1.0,1.0,1.0,1.0,1.0,1.0,1.0,1.0,1.0,1.0,1.0,1.0,1.0,1.0,,,-16.0,-16.0,-16.0,-16.0,-16.0,-16.0,-16.0,-16.0,-16.0,-16.0,-16.0,-16.0,-16.0,-16.0,-16.0,-16.0,,,-13.3,-13.3,-13.3,-13.3,-13.3,-13.3,-13.3,-13.3,-13.3,-13.3,-13.3,-13.3,-13.3,-13.3,-13.3,-13.3,,,-6.1,-6.1,-6.1,-6.1,-6.1,-6.1,-6.1,-6.1,-6.1,-6.1,-6.1,-6.1,-6.1,-6.1,-6.1,-6.1,,,4.2,4.2,4.2,4.2,4.2,4.2,4.2,4.2,4.2,4.2,4.2,4.2,4.2,4.2,4.2,4.2,,,-11.0,-11.0,-11.0,-11.0,-11.0,-11.0,-11.0,-11.0,-11.0,-11.0,-10.9,-10.9,-10.9,-10.9,-10.9,-10.9,,,-12.5,-12.5,-12.5,-12.5,-12.5,-12.5,-12.5,-12.5,-12.5,-12.5,-12.5,-12.5,-12.5,-12.5,-12.5,-12.5,,,-13.4,-13.4,-13.4,-13.4,-13.4,-13.4,-13.4,-13.4,-13.4,-13.4,-13.4,-13.4,-13.4,-13.4,-13.4,-13.4,,,-10.4,-10.4,-10.4,-10.4,-10.3,-10.3,-10.3,-10.3,-10.3,-10.3,-10.1,-10.1,-10.1,-10.1,-10.1,-10.1,,
2011q1,,,,,,,,,,,,,,,,,,,,,,,,,,,,,,,,,,,,,,,,,,,,,,,,,,,,,,,,,,,,,,,,,,,,,,,,,,,,,,,,,,,,,,,,,,,,,,,,,,,,,,,,,,,,,,,,,,,,,,,,,,,,,,,,,,,,,,,,,,,,,,,,,,,,,,,,,,,,,,,,,,
2020q1,4.0,4.0,4.0,4.0,4.0,4.0,4.0,,,,,,,,,,,,-7.1,-7.1,-7.1,-7.1,-7.1,-7.1,-7.1,,,,,,,,,,,,-12.3,-12.3,-12.3,-12.3,-12.3,-12.3,-12.3,,,,,,,,,,,,-1.9,-1.9,-1.9,-1.9,-1.9,-1.9,-1.9,,,,,,,,,,,,-16.5,-16.5,-16.5,-16.5,-16.5,-16.5,-16.5,,,,,,,,,,,,-3.9,-3.9,-3.9,-3.9,-3.5,-3.5,-3.5,,,,,,,,,,,,-9.3,-9.3,-9.3,-9.3,-9.3,-9.3,-9.3,,,,,,,,,,,,-5.7,-5.7,-5.7,-5.7,-5.7,-5.7,-5.7,,,,,,,,,,,,-1.5,-1.5,-1.5,-1.5,-0.7,-0.7,-0.7,,,,,,,,,,,
2016q2,,,,,,,,,,,,,,,,,,,,,,,,,,,,,,,,,,,,,,,,,,,,,,,,,,,,,,,,,,,,,,,,,,,,,,,,,,,,,,,,,,,,,,,,,,,,,,,,,,,,,,,,,,,,,,,,,,,,,,,,,,,,,,,,,,,,,,,,,,,,,,,,,,,,,,,,,,,,,,,,,,
2021q1,1.0,0.7,0.7,0.7,0.7,0.7,0.7,0.7,0.7,0.7,0.7,0.7,0.7,0.8,0.8,0.8,0.8,0.8,1.4,1.4,1.4,1.4,1.4,1.4,1.4,1.4,1.4,1.4,1.4,1.4,1.4,1.4,1.4,1.4,1.4,1.4,42.5,42.5,42.5,42.5,42.5,42.5,42.5,42.5,42.5,42.5,42.5,42.5,42.5,42.5,42.5,42.5,42.5,42.5,2.8,2.8,2.8,2.8,2.8,2.8,2.8,2.8,2.8,2.8,2.8,2.8,2.8,2.8,2.8,2.8,2.8,2.8,51.6,51.6,51.6,51.6,51.6,51.6,51.6,51.6,51.6,51.6,51.6,51.6,51.6,51.6,51.6,51.6,51.6,51.6,4.6,4.6,4.6,4.6,4.2,4.2,4.2,4.2,4.2,4.2,4.3,4.3,4.3,4.3,4.3,4.3,4.3,4.3,16.2,16.2,16.2,16.2,16.2,16.2,16.2,16.2,16.2,16.2,16.2,16.2,16.2,16.2,16.2,16.2,16.2,16.2,0.0,0.0,0.0,0.0,0.0,0.0,0.0,0.0,0.0,0.0,0.0,0.0,0.0,0.0,0.0,0.0,0.0,0.0,0.5,0.6,0.6,0.6,-0.1,-0.1,-0.1,-0.1,-0.1,-0.1,0.1,0.1,0.1,0.1,0.1,0.1,0.1,0.1
2015q2,,,,,,,,,,,,,,,,,,,,,,,,,,,,,,,,,,,,,,,,,,,,,,,,,,,,,,,,,,,,,,,,,,,,,,,,,,,,,,,,,,,,,,,,,,,,,,,,,,,,,,,,,,,,,,,,,,,,,,,,,,,,,,,,,,,,,,,,,,,,,,,,,,,,,,,,,,,,,,,,,,
2014q2,,,,,,,,,,,,,,,,,,,,,,,,,,,,,,,,,,,,,,,,,,,,,,,,,,,,,,,,,,,,,,,,,,,,,,,,,,,,,,,,,,,,,,,,,,,,,,,,,,,,,,,,,,,,,,,,,,,,,,,,,,,,,,,,,,,,,,,,,,,,,,,,,,,,,,,,,,,,,,,,,,
